{
  "Apple___Apple_scab": {
    "precision": 0.9206349206349206,
    "recall": 0.9206349206349206,
    "f1-score": 0.9206349206349206,
    "support": 126.0
  },
  "Apple___Black_rot": {
    "precision": 0.9758064516129032,
    "recall": 0.968,
    "f1-score": 0.9718875502008032,
    "support": 125.0
  },
  "Apple___Cedar_apple_rust": {
    "precision": 1.0,
    "recall": 0.9454545454545454,
    "f1-score": 0.9719626168224299,
    "support": 55.0
  },
  "Apple___healthy": {
    "precision": 0.9640718562874252,
    "recall": 0.9787234042553191,
    "f1-score": 0.971342383107089,
    "support": 329.0
  },
  "Blueberry___healthy": {
    "precision": 0.9867549668874173,
    "recall": 0.9933333333333333,
    "f1-score": 0.9900332225913622,
    "support": 300.0
  },
  "Cherry_(including_sour)___Powdery_mildew": {
    "precision": 0.9904761904761905,
    "recall": 0.9904761904761905,
    "f1-score": 0.9904761904761905,
    "support": 210.0
  },
  "Cherry_(including_sour)___healthy": {
    "precision": 0.9823529411764705,
    "recall": 0.9823529411764705,
    "f1-score": 0.9823529411764705,
    "support": 170.0
  },
  "Corn_(maize)___Cercospora_leaf_spot Gray_leaf_spot": {
    "precision": 0.8461538461538461,
    "recall": 0.7475728155339806,
    "f1-score": 0.7938144329896907,
    "support": 103.0
  },
  "Corn_(maize)___Common_rust_": {
    "precision": 0.9957983193277311,
    "recall": 0.9916317991631799,
    "f1-score": 0.9937106918238994,
    "support": 239.0
  },
  "Corn_(maize)___Northern_Leaf_Blight": {
    "precision": 0.8672985781990521,
    "recall": 0.9289340101522843,
    "f1-score": 0.8970588235294118,
    "support": 197.0
  },
  "Corn_(maize)___healthy": {
    "precision": 1.0,
    "recall": 1.0,
    "f1-score": 1.0,
    "support": 233.0
  },
  "Grape___Black_rot": {
    "precision": 0.956140350877193,
    "recall": 0.923728813559322,
    "f1-score": 0.9396551724137931,
    "support": 236.0
  },
  "Grape___Esca_(Black_Measles)": {
    "precision": 0.9466192170818505,
    "recall": 0.9637681159420289,
    "f1-score": 0.9551166965888689,
    "support": 276.0
  },
  "Grape___Leaf_blight_(Isariopsis_Leaf_Spot)": {
    "precision": 0.9953703703703703,
    "recall": 1.0,
    "f1-score": 0.9976798143851509,
    "support": 215.0
  },
  "Grape___healthy": {
    "precision": 1.0,
    "recall": 0.9404761904761905,
    "f1-score": 0.9693251533742331,
    "support": 84.0
  },
  "Orange___Haunglongbing_(Citrus_greening)": {
    "precision": 0.9972801450589301,
    "recall": 0.9981851179673321,
    "f1-score": 0.9977324263038548,
    "support": 1102.0
  },
  "Peach___Bacterial_spot": {
    "precision": 0.9825708061002179,
    "recall": 0.9825708061002179,
    "f1-score": 0.9825708061002179,
    "support": 459.0
  },
  "Peach___healthy": {
    "precision": 0.92,
    "recall": 0.9583333333333334,
    "f1-score": 0.9387755102040817,
    "support": 72.0
  },
  "Pepper,_bell___Bacterial_spot": {
    "precision": 0.9540816326530612,
    "recall": 0.935,
    "f1-score": 0.9444444444444444,
    "support": 200.0
  },
  "Pepper,_bell___healthy": {
    "precision": 0.9601328903654485,
    "recall": 0.9796610169491525,
    "f1-score": 0.9697986577181208,
    "support": 295.0
  },
  "Potato___Early_blight": {
    "precision": 0.9948186528497409,
    "recall": 0.96,
    "f1-score": 0.9770992366412213,
    "support": 200.0
  },
  "Potato___Late_blight": {
    "precision": 0.9408866995073891,
    "recall": 0.955,
    "f1-score": 0.9478908188585607,
    "support": 200.0
  },
  "Potato___healthy": {
    "precision": 0.9230769230769231,
    "recall": 0.7741935483870968,
    "f1-score": 0.8421052631578947,
    "support": 31.0
  },
  "Raspberry___healthy": {
    "precision": 0.9726027397260274,
    "recall": 0.9594594594594594,
    "f1-score": 0.9659863945578231,
    "support": 74.0
  },
  "Soybean___healthy": {
    "precision": 0.9873170731707317,
    "recall": 0.9941060903732809,
    "f1-score": 0.990699951052374,
    "support": 1018.0
  },
  "Squash___Powdery_mildew": {
    "precision": 0.989159891598916,
    "recall": 0.9945504087193461,
    "f1-score": 0.9918478260869565,
    "support": 367.0
  },
  "Strawberry___Leaf_scorch": {
    "precision": 1.0,
    "recall": 0.9774774774774775,
    "f1-score": 0.9886104783599089,
    "support": 222.0
  },
  "Strawberry___healthy": {
    "precision": 0.989010989010989,
    "recall": 0.9782608695652174,
    "f1-score": 0.9836065573770492,
    "support": 92.0
  },
  "Tomato___Bacterial_spot": {
    "precision": 0.9099307159353349,
    "recall": 0.9270588235294117,
    "f1-score": 0.9184149184149184,
    "support": 425.0
  },
  "Tomato___Early_blight": {
    "precision": 0.7802197802197802,
    "recall": 0.71,
    "f1-score": 0.743455497382199,
    "support": 200.0
  },
  "Tomato___Late_blight": {
    "precision": 0.8746666666666667,
    "recall": 0.8586387434554974,
    "f1-score": 0.8665785997357992,
    "support": 382.0
  },
  "Tomato___Leaf_Mold": {
    "precision": 0.8947368421052632,
    "recall": 0.8900523560209425,
    "f1-score": 0.8923884514435696,
    "support": 191.0
  },
  "Tomato___Septoria_leaf_spot": {
    "precision": 0.8591160220994475,
    "recall": 0.8785310734463276,
    "f1-score": 0.8687150837988827,
    "support": 354.0
  },
  "Tomato___Spider_mites Two-spotted_spider_mite": {
    "precision": 0.8546511627906976,
    "recall": 0.8776119402985074,
    "f1-score": 0.865979381443299,
    "support": 335.0
  },
  "Tomato___Target_Spot": {
    "precision": 0.8216783216783217,
    "recall": 0.8362989323843416,
    "f1-score": 0.8289241622574955,
    "support": 281.0
  },
  "Tomato___Tomato_Yellow_Leaf_Curl_Virus": {
    "precision": 0.9795348837209302,
    "recall": 0.9831932773109243,
    "f1-score": 0.9813606710158435,
    "support": 1071.0
  },
  "Tomato___Tomato_mosaic_virus": {
    "precision": 0.8769230769230769,
    "recall": 0.7702702702702703,
    "f1-score": 0.8201438848920863,
    "support": 74.0
  },
  "Tomato___healthy": {
    "precision": 0.9690402476780186,
    "recall": 0.9842767295597484,
    "f1-score": 0.9765990639625585,
    "support": 318.0
  },
  "accuracy": 0.9526747076696437,
  "macro avg": {
    "precision": 0.9436556361058231,
    "recall": 0.9325741409148857,
    "f1-score": 0.9375994393506176,
    "support": 10861.0
  },
  "weighted avg": {
    "precision": 0.9525342543986296,
    "recall": 0.9526747076696437,
    "f1-score": 0.9524263790614205,
    "support": 10861.0
  }
}