{
  "Apple___Apple_scab": {
    "precision": 0.92,
    "recall": 0.9126984126984127,
    "f1-score": 0.9163346613545816,
    "support": 126.0
  },
  "Apple___Black_rot": {
    "precision": 0.983739837398374,
    "recall": 0.968,
    "f1-score": 0.9758064516129032,
    "support": 125.0
  },
  "Apple___Cedar_apple_rust": {
    "precision": 1.0,
    "recall": 0.9454545454545454,
    "f1-score": 0.9719626168224299,
    "support": 55.0
  },
  "Apple___healthy": {
    "precision": 0.9613095238095238,
    "recall": 0.9817629179331308,
    "f1-score": 0.9714285714285714,
    "support": 329.0
  },
  "Blueberry___healthy": {
    "precision": 0.9735973597359736,
    "recall": 0.9833333333333333,
    "f1-score": 0.978441127694859,
    "support": 300.0
  },
  "Cherry_(including_sour)___Powdery_mildew": {
    "precision": 0.9858490566037735,
    "recall": 0.9952380952380953,
    "f1-score": 0.990521327014218,
    "support": 210.0
  },
  "Cherry_(including_sour)___healthy": {
    "precision": 0.9822485207100592,
    "recall": 0.9764705882352941,
    "f1-score": 0.9793510324483776,
    "support": 170.0
  },
  "Corn_(maize)___Cercospora_leaf_spot Gray_leaf_spot": {
    "precision": 0.8020833333333334,
    "recall": 0.7475728155339806,
    "f1-score": 0.7738693467336684,
    "support": 103.0
  },
  "Corn_(maize)___Common_rust_": {
    "precision": 0.9957627118644068,
    "recall": 0.9832635983263598,
    "f1-score": 0.9894736842105263,
    "support": 239.0
  },
  "Corn_(maize)___Northern_Leaf_Blight": {
    "precision": 0.8647342995169082,
    "recall": 0.9086294416243654,
    "f1-score": 0.8861386138613861,
    "support": 197.0
  },
  "Corn_(maize)___healthy": {
    "precision": 1.0,
    "recall": 1.0,
    "f1-score": 1.0,
    "support": 233.0
  },
  "Grape___Black_rot": {
    "precision": 0.9690265486725663,
    "recall": 0.9279661016949152,
    "f1-score": 0.948051948051948,
    "support": 236.0
  },
  "Grape___Esca_(Black_Measles)": {
    "precision": 0.9471830985915493,
    "recall": 0.9746376811594203,
    "f1-score": 0.9607142857142857,
    "support": 276.0
  },
  "Grape___Leaf_blight_(Isariopsis_Leaf_Spot)": {
    "precision": 0.9907834101382489,
    "recall": 1.0,
    "f1-score": 0.9953703703703703,
    "support": 215.0
  },
  "Grape___healthy": {
    "precision": 1.0,
    "recall": 0.9404761904761905,
    "f1-score": 0.9693251533742331,
    "support": 84.0
  },
  "Orange___Haunglongbing_(Citrus_greening)": {
    "precision": 0.995475113122172,
    "recall": 0.9981851179673321,
    "f1-score": 0.9968282736746715,
    "support": 1102.0
  },
  "Peach___Bacterial_spot": {
    "precision": 0.9655172413793104,
    "recall": 0.9760348583877996,
    "f1-score": 0.9707475622968581,
    "support": 459.0
  },
  "Peach___healthy": {
    "precision": 0.9178082191780822,
    "recall": 0.9305555555555556,
    "f1-score": 0.9241379310344827,
    "support": 72.0
  },
  "Pepper,_bell___Bacterial_spot": {
    "precision": 0.9533678756476683,
    "recall": 0.92,
    "f1-score": 0.9363867684478372,
    "support": 200.0
  },
  "Pepper,_bell___healthy": {
    "precision": 0.9506578947368421,
    "recall": 0.9796610169491525,
    "f1-score": 0.9649415692821369,
    "support": 295.0
  },
  "Potato___Early_blight": {
    "precision": 1.0,
    "recall": 0.96,
    "f1-score": 0.9795918367346939,
    "support": 200.0
  },
  "Potato___Late_blight": {
    "precision": 0.9356435643564357,
    "recall": 0.945,
    "f1-score": 0.9402985074626866,
    "support": 200.0
  },
  "Potato___healthy": {
    "precision": 0.8888888888888888,
    "recall": 0.7741935483870968,
    "f1-score": 0.8275862068965517,
    "support": 31.0
  },
  "Raspberry___healthy": {
    "precision": 0.972972972972973,
    "recall": 0.972972972972973,
    "f1-score": 0.972972972972973,
    "support": 74.0
  },
  "Soybean___healthy": {
    "precision": 0.9882583170254403,
    "recall": 0.9921414538310412,
    "f1-score": 0.9901960784313726,
    "support": 1018.0
  },
  "Squash___Powdery_mildew": {
    "precision": 0.9865229110512129,
    "recall": 0.997275204359673,
    "f1-score": 0.991869918699187,
    "support": 367.0
  },
  "Strawberry___Leaf_scorch": {
    "precision": 0.9954128440366973,
    "recall": 0.9774774774774775,
    "f1-score": 0.9863636363636363,
    "support": 222.0
  },
  "Strawberry___healthy": {
    "precision": 0.9782608695652174,
    "recall": 0.9782608695652174,
    "f1-score": 0.9782608695652174,
    "support": 92.0
  },
  "Tomato___Bacterial_spot": {
    "precision": 0.8932714617169374,
    "recall": 0.9058823529411765,
    "f1-score": 0.8995327102803738,
    "support": 425.0
  },
  "Tomato___Early_blight": {
    "precision": 0.7371428571428571,
    "recall": 0.645,
    "f1-score": 0.688,
    "support": 200.0
  },
  "Tomato___Late_blight": {
    "precision": 0.841025641025641,
    "recall": 0.8586387434554974,
    "f1-score": 0.8497409326424871,
    "support": 382.0
  },
  "Tomato___Leaf_Mold": {
    "precision": 0.8817204301075269,
    "recall": 0.8586387434554974,
    "f1-score": 0.870026525198939,
    "support": 191.0
  },
  "Tomato___Septoria_leaf_spot": {
    "precision": 0.8333333333333334,
    "recall": 0.8615819209039548,
    "f1-score": 0.8472222222222222,
    "support": 354.0
  },
  "Tomato___Spider_mites Two-spotted_spider_mite": {
    "precision": 0.8357771260997068,
    "recall": 0.8507462686567164,
    "f1-score": 0.8431952662721893,
    "support": 335.0
  },
  "Tomato___Target_Spot": {
    "precision": 0.8156028368794326,
    "recall": 0.8185053380782918,
    "f1-score": 0.8170515097690941,
    "support": 281.0
  },
  "Tomato___Tomato_Yellow_Leaf_Curl_Virus": {
    "precision": 0.9803186504217432,
    "recall": 0.976657329598506,
    "f1-score": 0.9784845650140318,
    "support": 1071.0
  },
  "Tomato___Tomato_mosaic_virus": {
    "precision": 0.8656716417910447,
    "recall": 0.7837837837837838,
    "f1-score": 0.8226950354609929,
    "support": 74.0
  },
  "Tomato___healthy": {
    "precision": 0.9688473520249221,
    "recall": 0.9779874213836478,
    "f1-score": 0.97339593114241,
    "support": 318.0
  },
  "accuracy": 0.9461375563944389,
  "macro avg": {
    "precision": 0.9357319932336529,
    "recall": 0.9259127289320639,
    "f1-score": 0.9304293689620371,
    "support": 10861.0
  },
  "weighted avg": {
    "precision": 0.9459055308917518,
    "recall": 0.9461375563944389,
    "f1-score": 0.9458462347653047,
    "support": 10861.0
  }
}