{
  "MLP-Full": {
    "accuracy": 0.9604088021360833,
    "f1_macro": 0.9500280667848906,
    "f1_weighted": 0.9604412935630415
  },
  "MLP-PCA": {
    "accuracy": 0.9522143449037842,
    "f1_macro": 0.9407682634229747,
    "f1_weighted": 0.952213884282685
  },
  "PCA-Logistic": {
    "accuracy": 0.9526747076696437,
    "f1_macro": 0.9375994393506176,
    "f1_weighted": 0.9524263790614205
  }
}